No,カテゴリ,キーワード,ステータス
1,年収・給料ランキング系,ブルーカラー 年収ランキング,完了
2,年収・給料ランキング系,現場仕事 給料ランキング,完了
3,年収・給料ランキング系,職人 年収ランキング,完了
4,年収・給料ランキング系,肉体労働 高収入ランキング,完了
5,年収・給料ランキング系,ドライバー職 給料ランキング,完了
6,年収・給料ランキング系,工場勤務 年収ランキング,完了
7,年収・給料ランキング系,資格なし 高収入 仕事ランキング,完了
8,年収・給料ランキング系,高卒 年収が高い仕事ランキング,完了
9,年収・給料ランキング系,現場監督 年収ランキング,完了
10,年収・給料ランキング系,手取り額が高い現場仕事ランキング,完了
11,きつさ・ホワイト度ランキング系,現場仕事 きついランキング,完了
12,きつさ・ホワイト度ランキング系,ホワイトな現場仕事ランキング,完了
13,きつさ・ホワイト度ランキング系,楽な肉体労働ランキング,完了
14,きつさ・ホワイト度ランキング系,力仕事 楽な仕事ランキング,完了
15,きつさ・ホワイト度ランキング系,体力がいらない現場仕事ランキング,完了
16,きつさ・ホワイト度ランキング系,底辺 仕事ランキング,完了
17,きつさ・ホワイト度ランキング系,危険な現場仕事ランキング,完了
18,きつさ・ホワイト度ランキング系,事故が多い仕事ランキング,完了
19,きつさ・ホワイト度ランキング系,夜勤がきつい仕事ランキング,完了
20,きつさ・ホワイト度ランキング系,人間関係が楽な現場仕事ランキング,完了
21,未経験・転職しやすさランキング系,未経験からなれる仕事ランキング,完了
22,未経験・転職しやすさランキング系,30代未経験 転職しやすい仕事ランキング,完了
23,未経験・転職しやすさランキング系,40代未経験 転職しやすい仕事ランキング,完了
24,未経験・転職しやすさランキング系,高卒 就職しやすい現場仕事ランキング,完了
25,未経験・転職しやすさランキング系,面接に受かりやすい現場仕事ランキング,完了
26,未経験・転職しやすさランキング系,フリーター 就職しやすい仕事ランキング,完了
27,未経験・転職しやすさランキング系,女性が働きやすい現場仕事ランキング,完了
28,未経験・転職しやすさランキング系,転職回数が多くても採用されやすい仕事ランキング,完了
29,資格・スキルランキング系,取得しやすい資格ランキング（現場系）,完了
30,資格・スキルランキング系,独学で取れる現場資格ランキング,完了
31,資格・スキルランキング系,手に職がつく仕事ランキング,完了
32,資格・スキルランキング系,コスパがいい資格ランキング（建設・工事系）,完了
33,資格・スキルランキング系,資格なしで稼げる仕事ランキング,完了
34,資格・スキルランキング系,職人系 難易度が低い資格ランキング,完了
35,資格・スキルランキング系,将来役立つ現場資格ランキング,完了
36,将来性・独立ランキング系,将来性がある職人ランキング,完了
37,将来性・独立ランキング系,独立しやすい職人ランキング,未着手
38,将来性・独立ランキング系,一生食いっぱぐれない仕事ランキング,未着手
39,将来性・独立ランキング系,AIに奪われにくい仕事ランキング,未着手
40,将来性・独立ランキング系,定年後も続けられる仕事ランキング,未着手
41,将来性・独立ランキング系,独立開業しやすい現場職ランキング,未着手
42,将来性・独立ランキング系,需要が伸びている建設系職種ランキング,未着手
43,将来性・独立ランキング系,人手不足の業界ランキング,未着手
44,適性・性格タイプランキング系,コミュ障向け仕事ランキング,未着手
45,適性・性格タイプランキング系,一人作業が多い仕事ランキング,未着手
46,適性・性格タイプランキング系,単純作業が向いている人向け仕事ランキング,未着手
47,適性・性格タイプランキング系,黙々と作業できる仕事ランキング,未着手
48,適性・性格タイプランキング系,ノルマがない現場仕事ランキング,未着手
49,適性・性格タイプランキング系,インドア派に向かない仕事ランキング,未着手
50,適性・性格タイプランキング系,頭を使わない仕事ランキング,未着手
